;URL;;;;;
;https://auto-shopify-setup.vercel.app/products_images/montre-connectee-et-ecouteurs-2-en-1-fr-gris-fonce-launchify-449673.jpg;;;;;
;https://cdn.shopify.com/s/files/1/0985/9009/7745/files/montre-connectee-et-ecouteurs-2-en-1-fr-gris-clair-launchify-627992.jpg?v=1763117164;;;;;
;https://cdn.shopify.com/s/files/1/0985/9009/7745/files/montre-connectee-et-ecouteurs-2-en-1-fr-blanc-launchify-800261.jpg?v=1763117163;;;;;
;https://cdn.shopify.com/s/files/1/0985/9009/7745/files/montre-connectee-et-ecouteurs-2-en-1-fr-noir-launchify-309208.jpg?v=1763117164;;;;;
;https://cdn.shopify.com/s/files/1/0985/9009/7745/files/appareil-de-soin-tonifiant-visage-beaute-soins-pink-launchify-847353.jpg?v=1763117197;;;;;
;https://cdn.shopify.com/s/files/1/0985/9009/7745/files/appareil-de-soin-tonifiant-visage-beaute-soins-white-launchify-409218.jpg?v=1763117197;;;;;
;https://cdn.shopify.com/s/files/1/0985/9009/7745/files/appareil-de-soin-tonifiant-visage-beaute-soins-white-launchify-936751.jpg?v=1763117198;;;;;
;https://cdn.shopify.com/s/files/1/0985/9009/7745/files/appareil-de-soin-tonifiant-visage-beaute-soins-white-launchify-235114.jpg?v=1763117198;;;;;
;https://cdn.shopify.com/s/files/1/0985/9009/7745/files/bonnet-anti-migraine-fr-launchify-985763.jpg?v=1763117200;;;;;
;https://cdn.shopify.com/s/files/1/0985/9009/7745/files/bonnet-anti-migraine-fr-launchify-192636.jpg?v=1763117199;;;;;
;https://cdn.shopify.com/s/files/1/0985/9009/7745/files/bonnet-anti-migraine-fr-launchify-361962.jpg?v=1763117200;;;;;
;https://cdn.shopify.com/s/files/1/0985/9009/7745/files/bonnet-anti-migraine-fr-launchify-443159.jpg?v=1763117200;;;;;
;https://cdn.shopify.com/s/files/1/0985/9009/7745/files/bonnet-anti-migraine-fr-launchify-393611.jpg?v=1763117199;;;;;
;https://cdn.shopify.com/s/files/1/0985/9009/7745/files/bonnet-anti-migraine-fr-launchify-619794.png?v=1763117199;;;;;
;https://cdn.shopify.com/s/files/1/0985/9009/7745/files/boucleur-automatique-sans-fil-beaute-soins-launchify-716133.jpg?v=1763117170;;;;;
;https://cdn.shopify.com/s/files/1/0985/9009/7745/files/boucleur-automatique-sans-fil-beaute-soins-launchify-873735.jpg?v=1763117170;;;;;
;https://cdn.shopify.com/s/files/1/0985/9009/7745/files/boucleur-automatique-sans-fil-beaute-soins-launchify-190677.jpg?v=1763117170;;;;;
;https://cdn.shopify.com/s/files/1/0985/9009/7745/files/brosse-demelante-beaute-soins-black-launchify-967535.jpg?v=1763117182;;;;;
;https://cdn.shopify.com/s/files/1/0985/9009/7745/files/brosse-demelante-beaute-soins-green-launchify-896276.jpg?v=1763117183;;;;;
;https://cdn.shopify.com/s/files/1/0985/9009/7745/files/brosse-demelante-beaute-soins-pink-launchify-689685.png?v=1763117183;;;;;
;https://cdn.shopify.com/s/files/1/0985/9009/7745/files/brosse-demelante-beaute-soins-purple-launchify-106527.png?v=1763117182;;;;;
;https://cdn.shopify.com/s/files/1/0985/9009/7745/files/brosse-demelante-beaute-soins-blue-launchify-747833.jpg?v=1763117182;;;;;
;https://cdn.shopify.com/s/files/1/0985/9009/7745/files/brosse-demelante-beaute-soins-blue-launchify-631770.jpg?v=1763117183;;;;;
;https://cdn.shopify.com/s/files/1/0985/9009/7745/files/ceinture-menstruelle-fr-launchify-563176.jpg?v=1763117196;;;;;
;https://cdn.shopify.com/s/files/1/0985/9009/7745/files/ceinture-menstruelle-fr-launchify-765007.jpg?v=1763117198;;;;;
;https://cdn.shopify.com/s/files/1/0985/9009/7745/files/ceinture-menstruelle-fr-launchify-756324.jpg?v=1763117197;;;;;
;https://cdn.shopify.com/s/files/1/0985/9009/7745/files/ceinture-menstruelle-fr-launchify-928088.jpg?v=1763117197;;;;;
;https://cdn.shopify.com/s/files/1/0985/9009/7745/files/claquettes-requins-fr-bleu-us-6-7-launchify-791071.jpg?v=1763117206;;;;;
;https://cdn.shopify.com/s/files/1/0985/9009/7745/files/claquettes-requins-fr-bleu-us-6-7-launchify-806521.jpg?v=1763117206;;;;;
;https://cdn.shopify.com/s/files/1/0985/9009/7745/files/claquettes-requins-fr-bleu-us-6-7-launchify-459927.jpg?v=1763117206;;;;;
;https://cdn.shopify.com/s/files/1/0985/9009/7745/files/claquettes-requins-fr-rose-us-6-7-launchify-791411.jpg?v=1763117205;;;;;
;https://cdn.shopify.com/s/files/1/0985/9009/7745/files/claquettes-requins-fr-noir-us-6-7-launchify-670794.jpg?v=1763117205;;;;;
;https://cdn.shopify.com/s/files/1/0985/9009/7745/files/claquettes-requins-fr-jaune-us-6-7-launchify-427955.jpg?v=1763117205;;;;;
;https://cdn.shopify.com/s/files/1/0985/9009/7745/files/claquettes-requins-fr-gris-us-6-7-launchify-169542.jpg?v=1763117206;;;;;
;https://cdn.shopify.com/s/files/1/0985/9009/7745/files/diffuseur-volcanique-fr-launchify-104613.jpg?v=1763117209;;;;;
;https://cdn.shopify.com/s/files/1/0985/9009/7745/files/diffuseur-volcanique-fr-launchify-684365.jpg?v=1763117210;;;;;
;https://cdn.shopify.com/s/files/1/0985/9009/7745/files/diffuseur-volcanique-fr-launchify-804477.jpg?v=1763117209;;;;;
;https://cdn.shopify.com/s/files/1/0985/9009/7745/files/dispositif-hydrafacial-portable-beaute-soins-launchify-424934.jpg?v=1763117168;;;;;
;https://cdn.shopify.com/s/files/1/0985/9009/7745/files/dispositif-hydrafacial-portable-beaute-soins-launchify-815165.jpg?v=1763117169;;;;;
;https://cdn.shopify.com/s/files/1/0985/9009/7745/files/dispositif-hydrafacial-portable-beaute-soins-launchify-633738.jpg?v=1763117169;;;;;
;https://cdn.shopify.com/s/files/1/0985/9009/7745/files/dispositif-hydrafacial-portable-beaute-soins-launchify-419632.jpg?v=1763117169;;;;;
;https://cdn.shopify.com/s/files/1/0985/9009/7745/files/dispositif-hydrafacial-portable-beaute-soins-launchify-489271.jpg?v=1763117169;;;;;
;https://cdn.shopify.com/s/files/1/0985/9009/7745/files/extracteur-de-points-noirs-ultrasonic-beaute-soins-launchify-150077.jpg?v=1763117208;;;;;
;https://cdn.shopify.com/s/files/1/0985/9009/7745/files/extracteur-de-points-noirs-ultrasonic-beaute-soins-launchify-108246.jpg?v=1763117208;;;;;
;https://cdn.shopify.com/s/files/1/0985/9009/7745/files/extracteur-de-points-noirs-ultrasonic-beaute-soins-launchify-620331.jpg?v=1763117208;;;;;
;https://cdn.shopify.com/s/files/1/0985/9009/7745/files/extracteur-de-points-noirs-ultrasonic-beaute-soins-launchify-705769.jpg?v=1763117209;;;;;
;https://cdn.shopify.com/s/files/1/0985/9009/7745/files/enceinte-virale-sans-fil-fr-launchify-654004.jpg?v=1763117210;;;;;
;https://cdn.shopify.com/s/files/1/0985/9009/7745/files/enceinte-virale-sans-fil-fr-launchify-872338.jpg?v=1763117211;;;;;
;https://cdn.shopify.com/s/files/1/0985/9009/7745/files/enceinte-virale-sans-fil-fr-launchify-759354.jpg?v=1763117211;;;;;
;https://cdn.shopify.com/s/files/1/0985/9009/7745/files/fibres-capillaires-beaute-soins-launchify-954803.jpg?v=1763117190;;;;;
;https://cdn.shopify.com/s/files/1/0985/9009/7745/files/fibres-capillaires-beaute-soins-launchify-643302.jpg?v=1763117190;;;;;
;https://cdn.shopify.com/s/files/1/0985/9009/7745/files/fibres-capillaires-beaute-soins-launchify-763734.jpg?v=1763117190;;;;;
;https://cdn.shopify.com/s/files/1/0985/9009/7745/files/fibres-capillaires-beaute-soins-launchify-169885.jpg?v=1763117189;;;;;
;https://cdn.shopify.com/s/files/1/0985/9009/7745/files/kit-de-demarrage-blinger-180-pierres-beaute-soins-launchify-111794.jpg?v=1763117175;;;;;
;https://cdn.shopify.com/s/files/1/0985/9009/7745/files/kit-de-demarrage-blinger-180-pierres-beaute-soins-launchify-859971.jpg?v=1763117175;;;;;
;https://cdn.shopify.com/s/files/1/0985/9009/7745/files/kit-de-demarrage-blinger-180-pierres-beaute-soins-launchify-257777.jpg?v=1763117175;;;;;
;https://cdn.shopify.com/s/files/1/0985/9009/7745/files/kit-de-frisage-sans-chaleur-beaute-soins-rose-launchify-658350.jpg?v=1763117193;;;;;
;https://cdn.shopify.com/s/files/1/0985/9009/7745/files/kit-de-frisage-sans-chaleur-beaute-soins-rose-launchify-738619.jpg?v=1763117194;;;;;
;https://cdn.shopify.com/s/files/1/0985/9009/7745/files/kit-de-frisage-sans-chaleur-beaute-soins-rose-launchify-848547.jpg?v=1763117194;;;;;
;https://cdn.shopify.com/s/files/1/0985/9009/7745/files/kit-de-frisage-sans-chaleur-beaute-soins-rose-launchify-631728.jpg?v=1763117194;;;;;
;https://cdn.shopify.com/s/files/1/0985/9009/7745/files/kit-de-frisage-sans-chaleur-beaute-soins-rose-launchify-767776.jpg?v=1763117194;;;;;
;https://cdn.shopify.com/s/files/1/0985/9009/7745/files/kit-de-frisage-sans-chaleur-beaute-soins-bleu-launchify-434501.jpg?v=1763117193;;;;;
;https://cdn.shopify.com/s/files/1/0985/9009/7745/files/kit-de-frisage-sans-chaleur-beaute-soins-noir-launchify-423875.jpg?v=1763117194;;;;;
;https://cdn.shopify.com/s/files/1/0985/9009/7745/files/la-lampe-golden-hour-fr-launchify-696711.jpg?v=1763117189;;;;;
;https://cdn.shopify.com/s/files/1/0985/9009/7745/files/la-lampe-golden-hour-fr-launchify-971652.jpg?v=1763117189;;;;;
;https://cdn.shopify.com/s/files/1/0985/9009/7745/files/la-lampe-golden-hour-fr-launchify-243679.jpg?v=1763117189;;;;;
;https://cdn.shopify.com/s/files/1/0985/9009/7745/files/le-boucleur-5-en-1-beaute-soins-launchify-550926.jpg?v=1763117167;;;;;
;https://cdn.shopify.com/s/files/1/0985/9009/7745/files/le-boucleur-5-en-1-beaute-soins-launchify-587922.jpg?v=1763117168;;;;;
;https://cdn.shopify.com/s/files/1/0985/9009/7745/files/le-boucleur-5-en-1-beaute-soins-launchify-615114.jpg?v=1763117168;;;;;
;https://cdn.shopify.com/s/files/1/0985/9009/7745/files/le-cube-de-glace-magique-beaute-soins-noir-launchify-284283.jpg?v=1763117187;;;;;
;https://cdn.shopify.com/s/files/1/0985/9009/7745/files/le-cube-de-glace-magique-beaute-soins-bleu-launchify-890295.jpg?v=1763117187;;;;;
;https://cdn.shopify.com/s/files/1/0985/9009/7745/files/le-cube-de-glace-magique-beaute-soins-vert-launchify-178481.jpg?v=1763117187;;;;;
;https://cdn.shopify.com/s/files/1/0985/9009/7745/files/le-cube-de-glace-magique-beaute-soins-rose-launchify-302504.jpg?v=1763117187;;;;;
;https://cdn.shopify.com/s/files/1/0985/9009/7745/files/le-cube-de-glace-magique-beaute-soins-rose-launchify-912258.jpg?v=1763117187;;;;;
;https://cdn.shopify.com/s/files/1/0985/9009/7745/files/le-cube-de-glace-magique-beaute-soins-rose-launchify-225666.jpg?v=1763117187;;;;;
;https://cdn.shopify.com/s/files/1/0985/9009/7745/files/le-jouet-viral-pour-chat-fr-launchify-832317.jpg?v=1763117207;;;;;
;https://cdn.shopify.com/s/files/1/0985/9009/7745/files/le-jouet-viral-pour-chat-fr-launchify-665879.jpg?v=1763117207;;;;;
;https://cdn.shopify.com/s/files/1/0985/9009/7745/files/le-jouet-viral-pour-chat-fr-launchify-124412.jpg?v=1763117207;;;;;
;https://cdn.shopify.com/s/files/1/0985/9009/7745/files/le-lisseur-a-barbe-beaute-soins-launchify-368329.jpg?v=1763117173;;;;;
;https://cdn.shopify.com/s/files/1/0985/9009/7745/files/le-lisseur-a-barbe-beaute-soins-launchify-675878.jpg?v=1763117174;;;;;
;https://cdn.shopify.com/s/files/1/0985/9009/7745/files/le-lisseur-a-barbe-beaute-soins-launchify-919155.jpg?v=1763117174;;;;;
;https://cdn.shopify.com/s/files/1/0985/9009/7745/files/le-rasoir-4-en-1-beaute-soins-launchify-699474.jpg?v=1763117165;;;;;
;https://cdn.shopify.com/s/files/1/0985/9009/7745/files/le-rasoir-4-en-1-beaute-soins-launchify-702377.jpg?v=1763117165;;;;;
;https://cdn.shopify.com/s/files/1/0985/9009/7745/files/le-rasoir-4-en-1-beaute-soins-launchify-419796.jpg?v=1763117165;;;;;
;https://cdn.shopify.com/s/files/1/0985/9009/7745/files/le-stylo-magique-4-en-1-beaute-soins-launchify-518976.jpg?v=1763117211;;;;;
;https://cdn.shopify.com/s/files/1/0985/9009/7745/files/le-stylo-magique-4-en-1-beaute-soins-launchify-245647.png?v=1763117212;;;;;
;https://cdn.shopify.com/s/files/1/0985/9009/7745/files/les-chaussettes-dours-fr-bleu-launchify-841544.jpg?v=1763117172;;;;;
;https://cdn.shopify.com/s/files/1/0985/9009/7745/files/les-chaussettes-dours-fr-marron-launchify-468471.jpg?v=1763117173;;;;;
;https://cdn.shopify.com/s/files/1/0985/9009/7745/files/les-chaussettes-dours-fr-gris-launchify-674767.jpg?v=1763117172;;;;;
;https://cdn.shopify.com/s/files/1/0985/9009/7745/files/les-chaussettes-dours-fr-rose-launchify-772086.jpg?v=1763117173;;;;;
;https://cdn.shopify.com/s/files/1/0985/9009/7745/files/les-chaussettes-dours-fr-rose-launchify-920626.jpg?v=1763117174;;;;;
;https://cdn.shopify.com/s/files/1/0985/9009/7745/files/les-pantoufles-nuages-fr-rose-launchify-861156.jpg?v=1763117181;;;;;
;https://cdn.shopify.com/s/files/1/0985/9009/7745/files/les-pantoufles-nuages-fr-rose-launchify-625371.jpg?v=1763117181;;;;;
;https://cdn.shopify.com/s/files/1/0985/9009/7745/files/les-pantoufles-nuages-fr-rose-launchify-155939.jpg?v=1763117181;;;;;
;https://cdn.shopify.com/s/files/1/0985/9009/7745/files/les-pantoufles-nuages-fr-rose-launchify-384816.jpg?v=1763117182;;;;;
;https://cdn.shopify.com/s/files/1/0985/9009/7745/files/les-pantoufles-nuages-fr-beige-launchify-903836.jpg?v=1763117181;;;;;
;https://cdn.shopify.com/s/files/1/0985/9009/7745/files/les-pantoufles-nuages-fr-noir-launchify-990494.jpg?v=1763117181;;;;;
;https://cdn.shopify.com/s/files/1/0985/9009/7745/files/les-pantoufles-nuages-fr-vert-launchify-214954.jpg?v=1763117181;;;;;
;https://cdn.shopify.com/s/files/1/0985/9009/7745/files/les-pantoufles-nuages-fr-jaune-launchify-221542.jpg?v=1763117181;;;;;
;https://cdn.shopify.com/s/files/1/0985/9009/7745/files/masque-de-sommeil-avec-ecouteurs-integres-fr-launchify-579547.jpg?v=1763117184;;;;;
;https://cdn.shopify.com/s/files/1/0985/9009/7745/files/masseur-cervical-fr-bleu-launchify-508027.jpg?v=1763117179;;;;;
;https://cdn.shopify.com/s/files/1/0985/9009/7745/files/masseur-cervical-fr-rose-launchify-550294.jpg?v=1763117179;;;;;
;https://cdn.shopify.com/s/files/1/0985/9009/7745/files/masseur-cervical-fr-rose-launchify-800346.jpg?v=1763117180;;;;;
;https://cdn.shopify.com/s/files/1/0985/9009/7745/files/masseur-cervical-fr-rose-launchify-875158.jpg?v=1763117180;;;;;
;https://cdn.shopify.com/s/files/1/0985/9009/7745/files/masseur-oculaire-bluetooth-fr-launchify-316987.jpg?v=1763117176;;;;;
;https://cdn.shopify.com/s/files/1/0985/9009/7745/files/masseur-oculaire-bluetooth-fr-launchify-455467.jpg?v=1763117177;;;;;
;https://cdn.shopify.com/s/files/1/0985/9009/7745/files/mini-aspirateur-de-voiture-fr-launchify-532915.jpg?v=1763117201;;;;;
;https://cdn.shopify.com/s/files/1/0985/9009/7745/files/mini-aspirateur-de-voiture-fr-launchify-732986.jpg?v=1763117201;;;;;
;https://cdn.shopify.com/s/files/1/0985/9009/7745/files/mini-aspirateur-de-voiture-fr-launchify-582629.jpg?v=1763117201;;;;;
;https://cdn.shopify.com/s/files/1/0985/9009/7745/files/nettoyeur-magique-de-pinceaux-beaute-soins-launchify-218042.jpg?v=1763117170;;;;;
;https://cdn.shopify.com/s/files/1/0985/9009/7745/files/nettoyeur-magique-de-pinceaux-beaute-soins-launchify-232047.jpg?v=1763117171;;;;;
;https://cdn.shopify.com/s/files/1/0985/9009/7745/files/plante-en-levitation-fr-launchify-661473.jpg?v=1763117194;;;;;
;https://cdn.shopify.com/s/files/1/0985/9009/7745/files/plante-en-levitation-fr-launchify-449367.jpg?v=1763117195;;;;;
;https://cdn.shopify.com/s/files/1/0985/9009/7745/files/rape-a-pied-electrique-beaute-soins-launchify-327533.jpg?v=1763117185;;;;;
;https://cdn.shopify.com/s/files/1/0985/9009/7745/files/rape-a-pied-electrique-beaute-soins-launchify-178877.jpg?v=1763117185;;;;;
;https://cdn.shopify.com/s/files/1/0985/9009/7745/files/rape-a-pied-electrique-beaute-soins-launchify-209051.png?v=1763117186;;;;;
;https://cdn.shopify.com/s/files/1/0985/9009/7745/files/rape-a-pied-electrique-beaute-soins-launchify-356473.jpg?v=1763117184;;;;;
;https://cdn.shopify.com/s/files/1/0985/9009/7745/files/rape-a-pied-electrique-beaute-soins-launchify-934588.webp?v=1763117185;;;;;
;https://cdn.shopify.com/s/files/1/0985/9009/7745/files/recourbe-cils-chauffant-beaute-soins-rose-launchify-729773.jpg?v=1763117191;;;;;
;https://cdn.shopify.com/s/files/1/0985/9009/7745/files/recourbe-cils-chauffant-beaute-soins-rose-launchify-161539.jpg?v=1763117191;;;;;
;https://cdn.shopify.com/s/files/1/0985/9009/7745/files/recourbe-cils-chauffant-beaute-soins-blanc-launchify-256095.jpg?v=1763117191;;;;;
;https://cdn.shopify.com/s/files/1/0985/9009/7745/files/rouleau-anti-cellulites-beaute-soins-pink-launchify-106983.jpg?v=1763117178;;;;;
;https://cdn.shopify.com/s/files/1/0985/9009/7745/files/rouleau-anti-cellulites-beaute-soins-green-launchify-867126.jpg?v=1763117178;;;;;
;https://cdn.shopify.com/s/files/1/0985/9009/7745/files/rouleau-anti-cellulites-beaute-soins-purple-launchify-678114.jpg?v=1763117178;;;;;
;https://cdn.shopify.com/s/files/1/0985/9009/7745/files/rouleau-anti-cellulites-beaute-soins-purple-launchify-604890.jpg?v=1763117177;;;;;
;https://cdn.shopify.com/s/files/1/0985/9009/7745/files/rouleau-anti-cellulites-beaute-soins-purple-launchify-883993.jpg?v=1763117178;;;;;
;https://cdn.shopify.com/s/files/1/0985/9009/7745/files/rouleau-anti-poils-fr-blanc-launchify-276528.jpg?v=1763117202;;;;;
;https://cdn.shopify.com/s/files/1/0985/9009/7745/files/rouleau-anti-poils-fr-rose-launchify-187088.jpg?v=1763117202;;;;;
;https://cdn.shopify.com/s/files/1/0985/9009/7745/files/rouleau-anti-poils-fr-bleu-launchify-729071.jpg?v=1763117201;;;;;
;https://cdn.shopify.com/s/files/1/0985/9009/7745/files/rouleau-anti-poils-fr-vert-launchify-742987.jpg?v=1763117202;;;;;
;https://cdn.shopify.com/s/files/1/0985/9009/7745/files/rouleau-anti-poils-fr-vert-launchify-610584.jpg?v=1763117201;;;;;
;https://cdn.shopify.com/s/files/1/0985/9009/7745/files/rouleau-anti-poils-fr-vert-launchify-204819.jpg?v=1763117201;;;;;
;https://cdn.shopify.com/s/files/1/0985/9009/7745/files/sandscape-sable-en-mouvement-fr-bleu-launchify-113453.jpg?v=1763117204;;;;;
;https://cdn.shopify.com/s/files/1/0985/9009/7745/files/sandscape-sable-en-mouvement-fr-orange-launchify-263463.jpg?v=1763117204;;;;;
;https://cdn.shopify.com/s/files/1/0985/9009/7745/files/sandscape-sable-en-mouvement-fr-noir-launchify-888376.jpg?v=1763117204;;;;;
;https://cdn.shopify.com/s/files/1/0985/9009/7745/files/sandscape-sable-en-mouvement-fr-vert-launchify-639125.jpg?v=1763117205;;;;;
;https://cdn.shopify.com/s/files/1/0985/9009/7745/files/sandscape-sable-en-mouvement-fr-violet-launchify-341178.jpg?v=1763117204;;;;;
;https://cdn.shopify.com/s/files/1/0985/9009/7745/files/sandscape-sable-en-mouvement-fr-violet-launchify-918311.jpg?v=1763117205;;;;;
;https://cdn.shopify.com/s/files/1/0985/9009/7745/files/semelles-4d-fr-launchify-372966.jpg?v=1763117166;;;;;
;https://cdn.shopify.com/s/files/1/0985/9009/7745/files/semelles-4d-fr-launchify-410831.png?v=1763117167;;;;;
;https://cdn.shopify.com/s/files/1/0985/9009/7745/files/semelles-4d-fr-launchify-869945.jpg?v=1763117166;;;;;
;https://cdn.shopify.com/s/files/1/0985/9009/7745/files/semelles-chauffantes-fr-launchify-780451.jpg?v=1763117192;;;;;
;https://cdn.shopify.com/s/files/1/0985/9009/7745/files/semelles-chauffantes-fr-launchify-843739.jpg?v=1763117192;;;;;
;https://cdn.shopify.com/s/files/1/0985/9009/7745/files/stick-pour-les-yeux-au-retinol-beaute-soins-launchify-911118.jpg?v=1763117203;;;;;
;https://cdn.shopify.com/s/files/1/0985/9009/7745/files/stick-pour-les-yeux-au-retinol-beaute-soins-launchify-341032.jpg?v=1763117203;;;;;
;https://cdn.shopify.com/s/files/1/0985/9009/7745/files/stick-pour-les-yeux-au-retinol-beaute-soins-launchify-392947.jpg?v=1763117204;;;;;
;https://cdn.shopify.com/s/files/1/0985/9009/7745/files/stick-pour-les-yeux-au-retinol-beaute-soins-launchify-504005.jpg?v=1763117204;;;;;
;https://cdn.shopify.com/s/files/1/0985/9009/7745/files/stylo-anti-acne-a-lumiere-bleue-beaute-soins-launchify-622275.jpg?v=1763117176;;;;;
;https://cdn.shopify.com/s/files/1/0985/9009/7745/files/stylo-anti-acne-a-lumiere-bleue-beaute-soins-launchify-182551.jpg?v=1763117176;;;;;
;https://cdn.shopify.com/s/files/1/0985/9009/7745/files/taille-sourcils-electrique-beaute-soins-launchify-469510.jpg?v=1763117185;;;;;
;https://cdn.shopify.com/s/files/1/0985/9009/7745/files/taille-sourcils-electrique-beaute-soins-launchify-785236.jpg?v=1763117186;;;;;
;https://cdn.shopify.com/s/files/1/0985/9009/7745/files/taille-sourcils-electrique-beaute-soins-launchify-873100.jpg?v=1763117186;;;;;
;https://cdn.shopify.com/s/files/1/0985/9009/7745/files/tapis-de-salle-de-bain-magique-fr-black-launchify-399479.jpg?v=1763117196;;;;;
;https://cdn.shopify.com/s/files/1/0985/9009/7745/files/tapis-de-salle-de-bain-magique-fr-blue-launchify-525889.jpg?v=1763117196;;;;;
;https://cdn.shopify.com/s/files/1/0985/9009/7745/files/tapis-de-salle-de-bain-magique-fr-blue-launchify-342828.jpg?v=1763117196;;;;;
;https://cdn.shopify.com/s/files/1/0985/9009/7745/files/tapis-de-salle-de-bain-magique-fr-blue-launchify-369507.jpg?v=1763117196;;;;;
;https://cdn.shopify.com/s/files/1/0985/9009/7745/files/montre-connectee-et-ecouteurs-2-en-1-fr-noir-launchify-309208.jpg?v=1763117164;;;;;
;https://cdn.shopify.com/s/files/1/0985/9009/7745/files/montre-connectee-et-ecouteurs-2-en-1-fr-gris-clair-launchify-627992.jpg?v=1763117164;;;;;
;https://cdn.shopify.com/s/files/1/0985/9009/7745/files/montre-connectee-et-ecouteurs-2-en-1-fr-blanc-launchify-800261.jpg?v=1763117163;;;;;
;https://cdn.shopify.com/s/files/1/0985/9009/7745/files/montre-connectee-et-ecouteurs-2-en-1-fr-gris-fonce-launchify-449673.jpg?v=1763117164;;;;;
;https://cdn.shopify.com/s/files/1/0985/9009/7745/files/appareil-de-soin-tonifiant-visage-beaute-soins-pink-launchify-847353.jpg?v=1763117197;;;;;
;https://cdn.shopify.com/s/files/1/0985/9009/7745/files/appareil-de-soin-tonifiant-visage-beaute-soins-white-launchify-409218.jpg?v=1763117197;;;;;
;https://cdn.shopify.com/s/files/1/0985/9009/7745/files/brosse-demelante-beaute-soins-black-launchify-967535.jpg?v=1763117182;;;;;
;https://cdn.shopify.com/s/files/1/0985/9009/7745/files/brosse-demelante-beaute-soins-green-launchify-896276.jpg?v=1763117183;;;;;
;https://cdn.shopify.com/s/files/1/0985/9009/7745/files/brosse-demelante-beaute-soins-pink-launchify-689685.png?v=1763117183;;;;;
;https://cdn.shopify.com/s/files/1/0985/9009/7745/files/brosse-demelante-beaute-soins-purple-launchify-106527.png?v=1763117182;;;;;
;https://cdn.shopify.com/s/files/1/0985/9009/7745/files/brosse-demelante-beaute-soins-blue-launchify-747833.jpg?v=1763117182;;;;;
;https://cdn.shopify.com/s/files/1/0985/9009/7745/files/claquettes-requins-fr-bleu-us-6-7-launchify-791071.jpg?v=1763117206;;;;;
;https://cdn.shopify.com/s/files/1/0985/9009/7745/files/claquettes-requins-fr-rose-us-6-7-launchify-791411.jpg?v=1763117205;;;;;
;https://cdn.shopify.com/s/files/1/0985/9009/7745/files/claquettes-requins-fr-noir-us-6-7-launchify-670794.jpg?v=1763117205;;;;;
;https://cdn.shopify.com/s/files/1/0985/9009/7745/files/claquettes-requins-fr-jaune-us-6-7-launchify-427955.jpg?v=1763117205;;;;;
;https://cdn.shopify.com/s/files/1/0985/9009/7745/files/claquettes-requins-fr-gris-us-6-7-launchify-169542.jpg?v=1763117206;;;;;
;https://cdn.shopify.com/s/files/1/0985/9009/7745/files/claquettes-requins-fr-bleu-us-6-7-launchify-791071.jpg?v=1763117206;;;;;
;https://cdn.shopify.com/s/files/1/0985/9009/7745/files/claquettes-requins-fr-bleu-us-6-7-launchify-791071.jpg?v=1763117206;;;;;
;https://cdn.shopify.com/s/files/1/0985/9009/7745/files/claquettes-requins-fr-bleu-us-6-7-launchify-791071.jpg?v=1763117206;;;;;
;https://cdn.shopify.com/s/files/1/0985/9009/7745/files/claquettes-requins-fr-bleu-us-6-7-launchify-791071.jpg?v=1763117206;;;;;
;https://cdn.shopify.com/s/files/1/0985/9009/7745/files/claquettes-requins-fr-rose-us-6-7-launchify-791411.jpg?v=1763117205;;;;;
;https://cdn.shopify.com/s/files/1/0985/9009/7745/files/claquettes-requins-fr-rose-us-6-7-launchify-791411.jpg?v=1763117205;;;;;
;https://cdn.shopify.com/s/files/1/0985/9009/7745/files/claquettes-requins-fr-rose-us-6-7-launchify-791411.jpg?v=1763117205;;;;;
;https://cdn.shopify.com/s/files/1/0985/9009/7745/files/claquettes-requins-fr-rose-us-6-7-launchify-791411.jpg?v=1763117205;;;;;
;https://cdn.shopify.com/s/files/1/0985/9009/7745/files/claquettes-requins-fr-noir-us-6-7-launchify-670794.jpg?v=1763117205;;;;;
;https://cdn.shopify.com/s/files/1/0985/9009/7745/files/claquettes-requins-fr-noir-us-6-7-launchify-670794.jpg?v=1763117205;;;;;
;https://cdn.shopify.com/s/files/1/0985/9009/7745/files/claquettes-requins-fr-noir-us-6-7-launchify-670794.jpg?v=1763117205;;;;;
;https://cdn.shopify.com/s/files/1/0985/9009/7745/files/claquettes-requins-fr-noir-us-6-7-launchify-670794.jpg?v=1763117205;;;;;
;https://cdn.shopify.com/s/files/1/0985/9009/7745/files/claquettes-requins-fr-jaune-us-6-7-launchify-427955.jpg?v=1763117205;;;;;
;https://cdn.shopify.com/s/files/1/0985/9009/7745/files/claquettes-requins-fr-jaune-us-6-7-launchify-427955.jpg?v=1763117205;;;;;
;https://cdn.shopify.com/s/files/1/0985/9009/7745/files/claquettes-requins-fr-jaune-us-6-7-launchify-427955.jpg?v=1763117205;;;;;
;https://cdn.shopify.com/s/files/1/0985/9009/7745/files/claquettes-requins-fr-jaune-us-6-7-launchify-427955.jpg?v=1763117205;;;;;
;https://cdn.shopify.com/s/files/1/0985/9009/7745/files/claquettes-requins-fr-gris-us-6-7-launchify-169542.jpg?v=1763117206;;;;;
;https://cdn.shopify.com/s/files/1/0985/9009/7745/files/claquettes-requins-fr-gris-us-6-7-launchify-169542.jpg?v=1763117206;;;;;
;https://cdn.shopify.com/s/files/1/0985/9009/7745/files/claquettes-requins-fr-gris-us-6-7-launchify-169542.jpg?v=1763117206;;;;;
;https://cdn.shopify.com/s/files/1/0985/9009/7745/files/claquettes-requins-fr-gris-us-6-7-launchify-169542.jpg?v=1763117206;;;;;
;https://cdn.shopify.com/s/files/1/0985/9009/7745/files/kit-de-frisage-sans-chaleur-beaute-soins-rose-launchify-658350.jpg?v=1763117193;;;;;
;https://cdn.shopify.com/s/files/1/0985/9009/7745/files/kit-de-frisage-sans-chaleur-beaute-soins-bleu-launchify-434501.jpg?v=1763117193;;;;;
;https://cdn.shopify.com/s/files/1/0985/9009/7745/files/kit-de-frisage-sans-chaleur-beaute-soins-noir-launchify-423875.jpg?v=1763117194;;;;;
;https://cdn.shopify.com/s/files/1/0985/9009/7745/files/le-cube-de-glace-magique-beaute-soins-rose-launchify-302504.jpg?v=1763117187;;;;;
;https://cdn.shopify.com/s/files/1/0985/9009/7745/files/le-cube-de-glace-magique-beaute-soins-noir-launchify-284283.jpg?v=1763117187;;;;;
;https://cdn.shopify.com/s/files/1/0985/9009/7745/files/le-cube-de-glace-magique-beaute-soins-bleu-launchify-890295.jpg?v=1763117187;;;;;
;https://cdn.shopify.com/s/files/1/0985/9009/7745/files/le-cube-de-glace-magique-beaute-soins-vert-launchify-178481.jpg?v=1763117187;;;;;
;https://cdn.shopify.com/s/files/1/0985/9009/7745/files/les-chaussettes-dours-fr-rose-launchify-772086.jpg?v=1763117173;;;;;
;https://cdn.shopify.com/s/files/1/0985/9009/7745/files/les-chaussettes-dours-fr-marron-launchify-468471.jpg?v=1763117173;;;;;
;https://cdn.shopify.com/s/files/1/0985/9009/7745/files/les-chaussettes-dours-fr-gris-launchify-674767.jpg?v=1763117172;;;;;
;https://cdn.shopify.com/s/files/1/0985/9009/7745/files/les-chaussettes-dours-fr-bleu-launchify-841544.jpg?v=1763117172;;;;;
;https://cdn.shopify.com/s/files/1/0985/9009/7745/files/les-pantoufles-nuages-fr-beige-launchify-903836.jpg?v=1763117181;;;;;
;https://cdn.shopify.com/s/files/1/0985/9009/7745/files/les-pantoufles-nuages-fr-rose-launchify-861156.jpg?v=1763117181;;;;;
;https://cdn.shopify.com/s/files/1/0985/9009/7745/files/les-pantoufles-nuages-fr-jaune-launchify-221542.jpg?v=1763117181;;;;;
;https://cdn.shopify.com/s/files/1/0985/9009/7745/files/les-pantoufles-nuages-fr-noir-launchify-990494.jpg?v=1763117181;;;;;
;https://cdn.shopify.com/s/files/1/0985/9009/7745/files/les-pantoufles-nuages-fr-vert-launchify-214954.jpg?v=1763117181;;;;;
;https://cdn.shopify.com/s/files/1/0985/9009/7745/files/masseur-cervical-fr-bleu-launchify-508027.jpg?v=1763117179;;;;;
;https://cdn.shopify.com/s/files/1/0985/9009/7745/files/masseur-cervical-fr-rose-launchify-550294.jpg?v=1763117179;;;;;
;https://cdn.shopify.com/s/files/1/0985/9009/7745/files/recourbe-cils-chauffant-beaute-soins-rose-launchify-729773.jpg?v=1763117191;;;;;
;https://cdn.shopify.com/s/files/1/0985/9009/7745/files/recourbe-cils-chauffant-beaute-soins-blanc-launchify-256095.jpg?v=1763117191;;;;;
;https://cdn.shopify.com/s/files/1/0985/9009/7745/files/rouleau-anti-cellulites-beaute-soins-pink-launchify-106983.jpg?v=1763117178;;;;;
;https://cdn.shopify.com/s/files/1/0985/9009/7745/files/rouleau-anti-cellulites-beaute-soins-green-launchify-867126.jpg?v=1763117178;;;;;
;https://cdn.shopify.com/s/files/1/0985/9009/7745/files/rouleau-anti-cellulites-beaute-soins-purple-launchify-678114.jpg?v=1763117178;;;;;
;https://cdn.shopify.com/s/files/1/0985/9009/7745/files/rouleau-anti-poils-fr-blanc-launchify-276528.jpg?v=1763117202;;;;;
;https://cdn.shopify.com/s/files/1/0985/9009/7745/files/rouleau-anti-poils-fr-rose-launchify-187088.jpg?v=1763117202;;;;;
;https://cdn.shopify.com/s/files/1/0985/9009/7745/files/rouleau-anti-poils-fr-bleu-launchify-729071.jpg?v=1763117201;;;;;
;https://cdn.shopify.com/s/files/1/0985/9009/7745/files/rouleau-anti-poils-fr-vert-launchify-742987.jpg?v=1763117202;;;;;
;https://cdn.shopify.com/s/files/1/0985/9009/7745/files/sandscape-sable-en-mouvement-fr-bleu-launchify-113453.jpg?v=1763117204;;;;;
;https://cdn.shopify.com/s/files/1/0985/9009/7745/files/sandscape-sable-en-mouvement-fr-orange-launchify-263463.jpg?v=1763117204;;;;;
;https://cdn.shopify.com/s/files/1/0985/9009/7745/files/sandscape-sable-en-mouvement-fr-noir-launchify-888376.jpg?v=1763117204;;;;;
;https://cdn.shopify.com/s/files/1/0985/9009/7745/files/sandscape-sable-en-mouvement-fr-vert-launchify-639125.jpg?v=1763117205;;;;;
;https://cdn.shopify.com/s/files/1/0985/9009/7745/files/sandscape-sable-en-mouvement-fr-violet-launchify-341178.jpg?v=1763117204;;;;;
;https://cdn.shopify.com/s/files/1/0985/9009/7745/files/tapis-de-salle-de-bain-magique-fr-black-launchify-399479.jpg?v=1763117196;;;;;
;https://cdn.shopify.com/s/files/1/0985/9009/7745/files/tapis-de-salle-de-bain-magique-fr-blue-launchify-525889.jpg?v=1763117196;;;;;